2962	Explain what a bone scan is and what it is used for.
4696	Is the Louisiana sales tax 4.75
8701	_____ is the ability of cardiac pacemaker cells to spontaneously initiate an electrical impulse without being stimulated from another source, such as a nerve.
10264	access parallels cost
12903	age discrimination in the workplace cases
14947	airport code mont tremblant
15441	alexia medical definition
15607	all of the following were created by the first congress in 1789
17848	anatomy origin definition
17884	anchor hocking phone number
20520	arbitrage definition
21948	are cycling shoes necessary
22479	are florida mangroves protected
22670	are giraffes the tallest mammals on earth
25025	are sore throats contagious
25344	are the chemicals in instant coffee?
26485	argue the meaning of a debate
27618	associates degree is how many credits?
27743	asus phones price list
29612	auger defined
34039	average cost of medicare drug plan
36388	average family savings account
36703	average gas prices in ga
39577	average of rn
40056	average pay of a cma in idaho
42555	average salary for primary care sports medicine doctors
43649	average salary structural engineer
45590	average temperature of refrigerator in usa
47588	average wpm typing speed
49802	belizean cuisine
49943	benefit administrative systems insurance
54531	blood coagulation is a component of this process
58074	caffeine effects on exercise
58234	calan medication
58801	calgary population
59030	call delta reservations phone number
60677	calories in one slice ham
64179	can an enlarged prostate cause
66161	can cuisinart electric pressure cooker be used as a canner
66389	can dermatology fellows prescribe?
66771	can drinking herbal tea make you lose weight
67802	can green tea cause stomach problems
68832	can i drink ginger tea before breakfast
70595	can kombucha be harmful
73788	can sponsor use champva benefits
75698	can windows media player play amr files
79891	can you substitute chocolate chips for semi-sweet
81137	can young living peppermint essential oil be put in water
82379	captain of israel's host
84473	cause of painful swollen lymph nodes
85904	causes of cramping pelvic pain
86624	causes of getting winded easily
87019	causes of insomnia in women
89418	cedar chips outside for dog pee area
91422	cherry dr pepper calories
92437	cincinnati baseball teams
93308	clientele definition
96250	complex protein definition
98682	convert lumens to foot-candles
105549	cost of michael kors purses
109819	cost to install french drain
111377	cost university of pittsburgh
111723	could i catch mrsa from a lady whose leg is weeping?
112318	crate engine how heavy
114037	current price of soybeans
117036	define a multichannel radio
119089	define cleft
122440	define humidors
123529	define lupus
125545	define populace
126491	define resit
126821	define scooped out
127876	define tapestry
129792	define: systemic
130034	definition  moebius syndrome
132263	definition of an empath
132639	definition of attorney
135079	definition of hamburger
135386	definition of imagination
137508	definition of purse
137889	definition of rit
139405	definition of western european time zone
139767	definition quint
140161	definition wedgie
140367	degenerate matter is formed when
143025	dianna dahlgren net worth
143849	did eric holder ever recuse himself
144254	did john lennon say he was more famous than jesus
147166	difference between elastomer and polymer
149447	differences between bone cells
149801	different kind of kidney stones
154785	do age discrimination laws apply to independent contractors
156251	do falcons have any yellow feathers?
157149	do i really need to separate baby clothes by color before washing?
160885	do you need immunizations for belize
162351	does a refrigerator normally use a standard outlet
165116	does cream of chicken soup have gluten
165807	does eating a meal affect blood pressure
167156	does highster mobile really work
170982	does risperidone cause weight gain
172981	does the subconscious control your breathing
173391	does tryptophan become niacin
174273	does yellow mucus mean infection
176015	driving distance littleton co to ft. collins co
176744	during what phase of meiosis does this occur
176994	dynamic link library meaning
180902	environment variables types
181222	equi meaning
183046	excel what is a pivot table
183201	excuse vs recuse definition
183988	explain what joint and muscle movements are involved in running
184436	eye rhyme literary definition
184452	eye surgery lasik cost
185299	fastest cell phone processor
185397	fastest lamborghini
186390	fenugreek supplement benefits
187818	flash definition
190078	foods to eat for indigestion problems
191792	frequency of homozygous recessive
193422	gas price in mount gilead oh
194870	ghost meaning urban
196596	granulocytes dendritic cells
197024	greenhorns meaning
198581	harland clarke customer service number
198807	has a mlb team ever gone undefeated in the regular season
199572	head sores scalp
199837	health benefits of neem tree
201366	here comes the hotstepper song
202306	highest mileage crossover india
202797	highest point on earth's surface
202954	highest salary ronaldo
203003	highest scoring nba final game
203317	hilton in baltimore
205086	honda type r price
206117	hotels in thornton co
206762	how  to prepare ground lamb
206806	how a cars manufacturer date
207595	how are mlb players paid
208411	how big do boxers get
208494	how big do newfypoo's get
209730	how bits in a pixel
211621	how close is a meter to a yard?
212303	how days is the safe periods
212477	how deep is lake ouachita
214040	how did mali gain its wealth
214771	how did the Battle of Ortona happen
215603	how did the uluru rock form
220151	how do river otters see underwater?
223165	how do you measure for stair carpet
224314	how do you tell the sex of baby bunnies
226132	how does environment affect health
227637	how does spicy food affect testosterone
229325	how employers view amu
231298	how far is it from colorado springs to la junta
234651	how format numbers as social security format
235027	how has common core state standards helped in georgia
242107	how long can i keep cooked italian sausage in refrigerator
242863	how long can you file taxes
243761	how long did abraham lincoln serve
244011	how long do I bake skinless seared chicken breast at 350
244092	how long do allergic rashes last
244929	how long do effects of methamphetamines last?
247194	how long do you bake muffins
248385	how long do you keep credit card statements
249118	how long does a collection stay on your credit report
252632	how long does it take corn to cook on the grill
256783	how long does it take to get a va refinance loan?
258337	how long does it take to walk a quarter mile
258485	how long does it tske for duck eggs to hatch
261098	how long for iv labetalol to work
264410	how long is recovery from hemorrhoid banding
264594	how long is super bowl game
265960	how long nyquil kicks in
273481	how long will food last in the refrigerator without power
274067	how lubrication proximity switch work
277459	how many calories in fried rice
277632	how many calories in one large baked potato
278429	how many carbs can a type 2 diabetic have per day
278606	how many carbs in cool whip
280825	how many days at dollywood
281270	how many days for an echeck to process?
283344	how many fat and calories in an apple
288884	how many miles in altitude is the united states satellite constellation
289586	how many ml a day should you drink
290091	how many movements in beethoven's moonlight sonata
290779	how many oscars has clint eastwood won?pdrijgheposrgijapeoikgjpesoar
291248	how many ounces of liquid is in one gallon
293421	how many players on a women's lacrosse team
293992	how many product lines does coca cola have
298444	how many times has amnesty been given to illegal aliens?
299023	how many u.s. house members does each state have
299094	how many units for frown lines
300674	how many years did william bradford serve as governor of plymouth colony?
300933	how many years for psychology major
302435	how much are virgin america change fees
302878	how much caffeine is in lipton tea bags
303790	how much college education is recommended for being a computer engineer
305650	how much do first responders make
310853	how much does a pharmacy tech make?
310948	how much does a polar bear liver weigh
313438	how much does cize cost
320051	how much garlic powder replaces a clove of garlic
320320	how much how much per hour does a private housekeeper make
323998	how much magnesium in kidney beans
326410	how much protein do i need on weight days
328527	how much time do you get for a family leave act
328814	how much to buy a quiznos
330560	how much wider is a california king vs regular king
333327	how old do you have to be in a wisconsin casino
333579	how old do you have to be to have a twitter account
334433	how old is bill gates wife
334867	how old is dr ruth westheimer
335710	how old is lil moco
337509	how old was king george the iii when he gained crown
337864	how oxygen concentrator work
338040	how popular is the name kaitlyn
338696	how serious is gestational hypertension
338917	how similar is spanish to portuguese
339009	how solar cells work science
339981	how soon to plant after using roundup
341039	how tall is kate mckinnon
342115	how therapist refer to dr for evaluation
342450	how to account for incorporation costs
344400	how to bake homemade pumpkin
352236	how to cook beets without bleeding
354222	how to deep fry fish?
355458	how to divide scientific notation
356916	how to edit facebook page name
358240	how to find a slit
372674	how to play noodle hockey
374690	how to reach jamnagar to somnath temple
375291	how to reduce swelling of non painful tonsils
375891	how to remove cat allergens from house
379337	how to set password before purchasing on apple
380755	how to spray baste a large quilt on a table
387662	how was the black death plague treated
392350	ifsc code hdfc koramangala
392905	imperfect fungi definition
393696	in texas what requirements are needed to apply to become a broker
394095	in what environment do coral reefs form
396391	insight cuba
398335	irish foods list
399364	is US passport number SSN?
402318	is ammonium salts soluble water
402417	is an alloy a homogeneous mixture
402427	is an american staffordshire a pitbull
403793	is badminton a sport
405090	is bv an std
405985	is chatham ct incorporated
408739	is drifting faster
409854	is fainting serious
412532	is hsa account taxable
412982	is indirect labor an overhead cost
414714	is it still dangerous to go to the place of where the chernobyl happened
417362	is marijuana used as an add medicine?
418063	is microcrystalline wax a liquid
419333	is nizuc resort all inclusive
421145	is png a universal format
422152	is radiation harmful for a benign brain tumor
422624	is rituximab a vaccine
422893	is russia self-sufficient in oil?
423178	is saugatuck center for the arts nonprofit
423646	is shin splints an injury
424449	is spotify a publicly traded company
427340	is the sheboygan clinic open
428773	is there a wunderlist app for android
428847	is there an age requirement to take a distribution from a roth ira?
429664	is tom brady retiring
430985	is vitamin e considered a blood thinner
431602	is word document the same as docx
432653	jail definition
432680	jamaica how many sq miles
432874	java chip frappucino ingredients
433579	jumbo loan definition
435541	land rover velar price
436475	largest flea market in alabama
436844	largest magnitude earthquake ever recorded
437671	largest zoo in the world
437752	lasik surgery how long to wear goggles at night
438316	leading causes of death in united states
440269	lindale georgia is in what county
442673	longest running african american sitcom
448630	meaning of name nairi
449244	meaning of solute
449442	meaning of the indian name parth
453175	metropolis define
456016	moon spiritual meaning
457622	most expensive car brands
457842	most expensive violin ever
458235	most knockouts in boxing
458774	most popular news networks
459280	most scenic spots in london
459707	mother sauces definition culinary
462765	nauticus hours
463133	negative pressure definition
464484	nighttime hip pain causes
467612	oasis hospital contact number
468907	one major difference between meiosis i and meiosis ii is that
470001	origin of calvin and hobbs catroon
472448	paychex fax number
476807	popliteal definition
476977	population density of usa states
477286	population of antigonish
477648	population of glendale az
482412	prodromal psychosis symptoms in adolescents
482496	productive efficiency occurs when price
486274	recuse meaning
488345	resource bank routing number
489858	ron hiw net worth
497536	side effects of baytril injections in dogs
503674	stereognosis definition
503833	stoa meaning
504044	stonewalling definition
506985	symptoms of an absence seizure
507087	symptoms of baby growth spurt
509907	synonyms for earth day
512564	temperature of absolute zero is stated as
512685	temperature of the sahara during day
514851	the consent of how many state legislatures are needed to approve an amendment to the us constitution?
515573	the difference between rugs and carpets is size.
515813	the effects of  coffee on your adrenaline glands
521402	time travel theories
524733	trigeminal definition
524835	tristesse definition
530572	types of wrist brace
530611	types racing go kart
531142	typing average words per minute test
531676	umeclidinium cost
533398	us army green beret training
536480	verrucous lesion
537410	virus reproduce name
537526	visible light from the sun
540456	was mulan based on a true story
541274	was winnie the pooh a boy
542806	weather climate change
543813	weather in cleveland area
544060	weather in dresden august
544811	weather in laurinburg nc
547139	weekly unemployment claim vt
548036	welding job companies in houston
548254	wenatchee washington population
549235	what a pronoun
551119	what age does a horse get their permanent teeth
556489	what are chia seeds benefits
556587	what are cinnamon pills are for
556952	what are comps?
557492	what are dartrix evolutions
558548	what are extenuating circumstances
559198	what are furuncles and carbuncles
559959	what are herpes pimples
560245	what are illnesses like cancer and hiv called
560419	what are inotropic meds
562821	what are overpacks used for in hazardous material
564707	what are several methods of escape used by cephalopods
566335	what are strengths in writing
568841	what are the differences with winter and summer
569674	what are the factors in a marketing mix?
570023	what are the four most commonly used metric prefixes
570070	what are the four steps of the scientific method
570725	what are the ingredients in stemuderm
571237	what are the main of functions of the skin
571474	what are the marijuana laws in massachusetts
573452	what are the siamese twins?
573899	what are the steelers worth
573954	what are the steps to a waltz dance
574730	what are the three monetary policy tools of the fed
576851	what are volatility swaps
577813	what astrological sign is kim kardashian
579479	what body system does the urinary system interact with
583325	what care must you give vinyl siding
583611	what category of drug is steroids
584905	what causes a shrinking cerebellum
585344	what causes an inflamed bunion and what can be done about it
585378	what causes anemia symptoms
586916	what causes crossed eyes
588775	what causes humans make to the water cycle
589586	what causes low pressure on a pump for well water
591026	what causes prostate stones
597870	what color is dog bile on an empty stomach
603031	what county is belmont ms in
608197	what county is lake harris florida
609469	what county is midland, tx
609628	what county is mitchell south dakota in
611468	what county is pollock pines in
611747	what county is ramah new mexico
613179	what county is stafford tx
613870	what county is tumacacori az in
614121	what county is vidalia la in
614186	what county is wade nc
614286	what county is warminster in
616331	what date is the browns training camp
618818	what did cna used to be called? insurance company
622100	what do background checks show for employment
622725	what do decomposers and scavengers
624143	what do numbers in blood pressure reading mean
626232	what do you call full term pregnancy
628532	what does a clinical psychology do
631724	what does an asbestos survey cost
632455	what does arthralgia mean in medical terms
633916	what does carbamide peroxide used for
634489	what does cissp stand for?
635647	what does debt to gdp ratio tell us
637459	what does fdg mean
638503	what does gross mean?
641293	what does it mean when you dream of chewing on gum?
643572	what does modulus mean
644658	what does ofii stand for
645343	what does pending transaction mean
645604	what does phyto mean
647503	what does sbp mean
649763	what does the chief administrator do
650076	what does the egyptian plover
652912	what does the sun symbolize
653054	what does the term big elephant in the room mean
655057	what does weight watchers charge
656250	what eating disorder is bn
656345	what editor is used to edit html
657974	what essay had anecdotal experiential and personal
661076	what foods are rich in biotin?
662436	what forms a tornado
670022	what identification is needed to open a bank account
670476	what impact did world war ii have on the american economy?
670829	what industry is hershey in?
672109	what is .img format
672429	what is ?synthetic oil
673143	what is a *.xaml file
678176	what is a colonel in the air force
679167	what is a contralto singer
680490	what is a dda account balance
680514	what is a de minimis payment
680951	what is a descendant selector
682190	what is a dry chemical fire extinguisher
682365	what is a dvt?
682626	what is a epo network
685591	what is a google brand account?
686469	what is a health safety net
688644	what is a learning objective for teaching toddlers about weather
688739	what is a legend ks2
691507	what is a montadale sheep
692577	what is a nomadic
692955	what is a normal pulse rate for men uk
693162	what is a nrti backbone
693447	what is a ozone alert
693469	what is a pacemaker for
696242	what is a professional engineering degree
696677	what is a public health concept
701345	what is a star wars sith
704080	what is a transit visa
704223	what is a trifocal lens
709559	what is all considered common stock for accounting
710755	what is an abscess in throat
711710	what is an anemic
714672	what is an fmo
715189	what is an indian gaur
718444	what is another word for comma
720261	what is assault in the second degree
724947	what is bmc neuroscience
726098	what is brownfields
727837	what is cardamom used for
730229	what is chitosan good for
730626	what is cica cream
731723	what is coalescing material
731736	what is coastal erosion
732448	what is committing adultery mean
739743	what is dihydroquercetin
739913	what is direct characterization
741977	what is dynamics
742667	what is edam cheese
743693	what is ems technology
744261	what is eod mean
745794	what is export preset in lightroom
745944	what is eye contact solution
746438	what is fasting before blood test
747937	what is floof
748997	what is frank dodd act
753299	what is haile selassie famous for
754166	what is health leads
755040	what is hindbrain in medical terms
757275	what is ied
757511	what is imazamox
757644	what is impact ratio analysis
758074	what is in egg white protein powder
762761	what is kalel
763878	what is kyc?
765583	what is liberty of london fabric
766202	what is liquid white paint
766272	what is lispro
766808	what is long term results on radiation seed implant
768133	what is malmsey
771694	what is mhs?
772864	what is mmt in orthopedics
773998	what is mrsi
776122	what is nerve agent vx
776576	what is nexgard for dogs
778890	what is odin pit file
780215	what is organic stevia in the raw
780336	what is orthorexia
780993	what is pad thai?
781074	what is palace chase
782079	what is paydex score for a business
782417	what is peeling feet causes
783277	what is ph of bleach
783822	what is pictorial drawing
784700	what is pmdd
787255	what is project charter in project management
792688	what is rthdvbg
792789	what is rumination syndrome
794665	what is secondary ptsd
798253	what is southwest airlines baggage policy
798967	what is spredfast
801059	what is superior and inferior in the body
802634	what is tcp chemical
804197	what is the advantage of sexual reproduction
804523	what is the airport code for love field
804996	what is the anthem zip code
806574	what is the average monthly car insurance estimate
806688	what is the average pay per line for medical transcription
807880	what is the bcbs anthem insurance
808362	what is the best medication for hemorrhoids
812387	what is the correct height for step handrails
813675	what is the currency of taiwan
814699	what is the definition of an erection
814964	what is the definition of experience modifier
816289	what is the difference between a credit score and a credit report?
817597	what is the difference between graduate and undergraduate
820027	what is the electron donor for lithotrophy
820161	what is the elevation of white pass in washington
829087	what is the luling zip code
831601	what is the meaning of the name Brandon
831871	what is the meaning of the word merci
833268	what is the monthly cost of hulu
837372	what is the official site for free credit reports
839137	what is the phantom zone
840445	what is the prentice-hall corporation system, inc.
841919	what is the purpose of a condenser on a car
842221	what is the purpose of an operational definition in a quantitative study?
845892	what is the science of studying the past cultures through objects
846438	what is the sheath that runs up the outside of the leg?
846806	what is the simplest whole-number ratio of atoms in a molecule or formula unit called?
849337	what is the survival rate for untreated melanoma
849561	what is the symptoms of pleurisy
850450	what is the temperature on earth
850557	what is the term divorce mean
850957	what is the theme song
854785	what is the yearly temperature in santa maria california
855050	what is the zip code for lake murray sc
856568	what is tone and tenor?
859376	what is upper class limit
860071	what is va abbreviation
860542	what is velocity
860573	what is venator
861433	what is vitamin b3 good for
863623	what is wrong if your ear keeps popping
865476	what it means when delta g is negative
865616	what jedi commands the arc troopers
867947	what kind of engine does jeep compass have
868410	what kind of fossil is made by an imprint?
870861	what kind of sword does Strider Hiryu use
872081	what language do the minions speak in despicable me
872869	what law repealed prohibition
873886	what level does zubat evolves to
874914	what makes a drink a crush
877810	what metal are most watches made from
878367	what mlb team play in in
879150	what movements strain the trapezius
881695	what network is pickles on cartoon
881723	what network is the americans on
882141	what number do i call to cancel amazon prime
884533	what part is the sigmoid colon
884722	what part of georgia is international convention center
884870	what part of the body a serous membrane
885081	what part of the cell does glycolysis occur
890890	what region was rome in
892224	what salary does comcast pay for an administrative assistant
892454	what school district is santaquin in?
897476	what state has the easiest bar exam
898631	what station is near river street in hoboken, nj
898686	what stations take grit tv?
900450	what tcm means
900696	what team was shelton benjamin a part of wwe
905604	what time zone is crown point, indiana in
905707	what time zone is jackson hole wy
906126	what to call a graduation speech
906692	what to do in seattle on memorial day
907538	what to expect with alcohol withdrawal
908154	what to use if fallopian tubes has fluid
908316	what to wear to a graduation
909506	what tv channel does the lottery
910375	what type of automatic transmission does the ferrari f430 come in
910818	what type of cancer did jim kelly have
911605	what type of doctor does eye exams
913568	what type of music is disturbed considered
914545	what type of shelter does a roadrunner live in
918800	what was marvin hagler's fighting weight?
920885	what was the holocaust when and where did it happen
921348	what was the major result of the industrial revolution
922335	what was the reason for the snake war
922593	what was the significance of the encomienda system
926019	what year did california girls-beach boys come out
926064	what year did college basketball start a three point shot
930621	what's it called when someone only eats fish
931726	what's the difference between jambalaya and paella
931905	what's the establishment clause
933236	what's the temperature in tucson arizona right now?
933861	what's the weather of qatar?
933946	what's the weight of a gallon of milk
934223	what's your favorite pet
934889	wheat germ oil skin benefits
935358	when and where do the lavender fields bloom
935364	when and where is mlb all star game
938066	when did dc comics start
938963	when did hugh glass die
939104	when did internet become popular
939744	when did metallica release first album
942221	when did the sitcom. rhoda come out?
946631	when does harbin ice city end
946825	when does la liga espanola start
950799	when is jamaican flag day
952520	when is the best time to visit spain?
952926	when is the i fall solstice
953355	when is the rib cook off in reno
954711	when should sutures be removed
959854	when was slash and burn agriculture used
960437	when was the chilean war of independence
962443	when was the total stations first used in surveying
971729	where do the makah tribe live now
972699	where does carrageenan come from
974808	where does the pioneer woman live?
975040	where does the term stay frosty come from?
975688	where in philadelphia did kevin hart grow up
977770	where is battle creek michigan
980633	where is counce tn
980811	where is csf reabsorbed into the blood
982348	where is eunice nm
983438	where is glenfinnan
984770	where is humana by westgate in glendale az
984856	why are ural mountains considered a natural boundary
985644	where is kashi china
985905	where is kl sentral
986162	who was the commanding general in north africa
987066	who was a doctor tha
987183	who studied neptune
987573	who sang the song siboney?
987720	where is meriden ct
987822	who proposed a compromise that was rejected during the civil war
987978	where is miralago
988269	where is moravian falls
988416	who moses asaga
988504	who led the push for modernization in turkey?
988745	who is the new york county clerk
988954	who is the character cain on lucifer
988960	where is nashville tn located
988988	where is navy seal museum
989894	who is mark davis
990026	who is li ching
990197	where is parry sound
990784	where is poole kentucky
990852	who is dr ari brown
991032	who is cole bennett
991364	who is admiral rickover
991419	where is redford michigan
991590	where is ridgewood ny located
991832	who discovered the element carbon
992193	who coined the concept survival of the fittest? charles darwin karl marx herbert spencer max weber
992383	who announced the european recovery program?
992946	which system takes in oxygen and releases carbon dioxide?
993153	which situation does a company issue a note receivable
993178	which sexually transmitted disease has three stages, the first of which involves development of a chancre?
993353	which quality of high-performing teams helps team members build confidence?
993501	where is stanton michigan
993606	which phylum is acanthocephala in
994005	which molecule is split apart in photosystem ii?
994112	where is tea tree oil from
994338	which is a vascular tissue in plants?
994449	which hormone's release is ultimately affected by corticotropin releasing hormone (crh)?
994792	which event nearly caused nuclear war?
995125	where is the condyle
995280	which compound becomes less soluble in water as the temperature
995789	where is the grafenberg spot located?
995825	where is the graphic card located in the cpu
996825	where is vanderbilt located?
997533	where is the sea of cortez located
997872	where is the sugar bowl
998246	where is newfoundland, pa?
998247	where is newark ohio
998609	where is macy's westfield valley fair
998658	where is lima beads located
998680	where is last name hollis derived from
998681	where is langley afb, va
998891	where is henry's plant farm
998941	where is tri state college located
999261	where is university of bridgeport located
999356	where is casey base located
999416	where is brookline florida
999791	where does tulips now grow
999836	where does the signature block go on a memorandum
999897	where is way st. binghamton
999942	where does taro grow
1000006	where does most of the iron ore come from
1000083	define: precipitous delivery
1000097	where is whiteville tennessee
1000585	where did jaws take place
1000959	where can a plasma membrane be found in a cell
1001108	where the chromosomes are moving towards the poles of the cell
1002274	when was yuru yuri released
1002596	when was the fica tool created
1002938	when was itsfunneh born
1002940	when was iheartradio founded
1003015	when was ft mcnair established?
1003114	where was paul newman born
1003831	when is the baltimore orioles home opener
1003875	where was the mediterranean gecko introduced
1003973	where was the oldest human found
1003997	where was the princess bride filmed
1004199	where was tupac shot on his body
1004240	when is best time for lemon tree
1005113	when do you start planting from seed
1005798	define rarefy
1006509	when did moody blues do days of future past
1007691	when allocating service department costs, the method which ignores serviced provided to other service departments is called
1008968	what's the limit on dolphin fish in florida
1008977	what's the job of an applications manager
1009742	what's a pollinator
1009959	which function automatically counts cells that meet multiple conditions
1010151	what year was the derecho in dc
1010173	what year was ruby bridges awarded the presidential medal of honor
1011120	what word means premonition
1011140	what wire is used to mig mild steel
1011166	what willow herb is used to make the tea
1011381	what were the browns and other families asking the supreme court to do?
1011512	what well known sexually transmitted disease is caused by spirochete
1011663	what was the women's army corps
1011860	which is stronger hydrocodone or oxycodone
1012547	what was stalin scorched earth policy
1013304	define hemolytic reactions
1014242	what type of security do routers have by default
1015347	what type of government does a small group of people rule
1015766	which of the following steps occurs last in the initiation phase of translation?hints
1016676	what town in kansas is home to boot hill
1017276	define diencephalic syndrome
1018658	what the patella is
1019236	what temp is plasma stored at
1019405	which soils are prone to erosion
1019414	what teams did jaromir jagr play for in the nhl?
1019705	what street is nordstrom rack is on
1019787	define category in terms of sociology
1020724	what shows was sinbad on
1021053	define autoradiography
1021277	define atrium
1021446	which transaction is a deposit
1021695	what rhymes with mistake
1022022	define alpenhorn
1022442	define acquisition
1022577	which ventricle of the heart has the thickest myocardium layer and why
1022621	what person is lord of the flies written in
1022911	what part of the integumentary system does scc
1023850	who are in the eagles
1024312	who are the months named after
1024950	who came up with punctuated equilibrium
1025290	deadliest attacks in us history
1027650	what kind of coding does abantecart use?
1027669	who first brought up global warming
1027817	what kind of business is wild planet
1029030	what is utah law on non compete
1029772	what is the zip code in arrowhead lakes
1030230	what is the weather like in germany in june?
1030271	what is the weather like in dominican republic
1030381	what is the weather in powell wy
1030446	who is bella hadid
1031047	what is the theme of artemis
1031173	what is the temperature of water at freezing point
1031456	who is city market grocery stores owned by
1031909	what is the standard size of an ankle bracelet
1032019	what is the standard barrel length for a ar?
1032341	what is the shape of the eclipse
1033092	what is the region for merl luxembourg
1033725	what is the purpose of ethernet
1034587	cures that work for mites on dogs homemade
1034595	what is the phone number to spe
1034666	what is the philosophic legacy of aristotle
1034845	what is the opposite of profile
1035078	what is the number of protons for tungsten
1035228	who is legalshield
1035278	what is the new nintendo system
1035321	what is the net ionic charge of a calcium ion?
1035379	what is the nationality
1035383	ct unemployment customer service number
1036002	who is melvin booker
1036214	what is the microfeed in sharepoint
1036675	who is olass
1037341	who is quinn of ny
1038849	who is supergirl
1038859	what is the goddess of agriculture in greek mythology
1039521	cox business omaha phone number
1040030	what is the envisat environmental satellite
1040082	what is the effect of third person omniscient
1041226	what is the definition upheaval
1041951	what is the cytokine
1042364	what is the cost of hot air ballooning in temecula, ca
1042800	what is the color of steel coin?
1043545	what is the buffer stock model?
1043568	what is the bryozoans
1043702	who make kenmore ranges
1043955	what is the best shovel to dig palms
1044249	what is the average salary of an nba player
1044809	who offers contactless cards
1045203	who owns cnn cable news network
1045374	what is targeted victory
1045567	what is super duplex stainless steel
1045826	what is ssc je
1046042	what is social impact assessment
1046047	what is soap over http
1046384	what is shock for pool
1046952	who played luke on general hospital
1047088	who played peter in the eddy duchin story
1047152	who played rizzo
1047162	what is resi
1047592	who plays archie's mom on riverdale
1047642	what is ptztv
1047700	what is proteomics
1047708	what is proprietary asset management
1047854	what is printing mechanism
1048185	what is pododermatitis
1048585	what is paula deen's brother
1049774	cost of attendance eastern illinois university
1050275	what is myrtus
1050695	what is motor dyspraxia
1050778	what is monological illusion
1051339	what is medical aki
1051372	cost for child cineplex
1051723	what is lone star trim
1052640	what is jelly in the us
1053111	who voices steven universe
1053997	who was foreign minister molotov
1054468	what is google doing in the cloud
1054610	who was john watson
1054969	what is freddie mac first look initiative
1056057	what is electric baseboard heating
1056060	what is elbaite
1056265	what is dry rot answers
1056303	what is doxycycline hyclate used for treating
1056482	who was the last confederate soldier to surrender?
1056726	what is diagnosis of engineering
1057996	what is considered the love apple
1058271	what is community legal service
1058415	who wrote jude the obscure
1058442	what is cmc program
1058604	what is chromium bro
1058978	who wrote the kentucky waltz
1059496	what is blue ice in a lake
1059970	why actuator is used
1060305	why are clouds flat at the bottom
1060391	what is barbra streisand net worth
1061210	what is assisted reproductive technology cdc
1062190	why did bob marley die of cancer
1062928	what is an example of speciation
1063177	why did spock die in wrath of khan
1063607	columbine massacre killed how many people
1063659	why did the supreme court expand the incorporation of the bill of rights
1064687	what is actifed used for
1065227	why do neptune and uranus appear blue
1065388	why do people repeat themselves
1065650	what is a url on my
1067276	what is a spoiled brat
1067284	what is a splendor in a ship
1068276	what is a rebuttal expert witness
1069028	what is a preliminary source
1069313	what is a phosphodiesterase inhibitor
1069981	what is a mustelidae
1072603	what is a great dane and mastiff
1075608	chrome defined
1075713	why was the imf established?
1075919	what is a cabinet in govt
1075980	what is a buddy test
1077019	what internet security do you get with rcn
1078198	wind power requires how many acres per megawatt
1078446	wine cabinets definition
1079340	what happens during a docket call in court
1079868	world's largest bass caught
1080031	what gao office
1082448	what does unequal distribution of wealth mean in the great depression
1082576	what does the turkish people eat
1082750	what does the market cap indicate?
1082792	what does the golgi apparatus do to the proteins and lipids once they arrive ?
1082870	what does teas test
1083010	what does simple circuit contain
1083052	what does screaming mean
1083158	what does qmap stand for
1083341	what does ocr in hipaa mean
1083499	what does length of hospital stay mean
1083508	what does late stages of dementia mean
1083535	what does joe maddon use on his hair
1083537	what does job costs include
1083597	what does it mean centcom
1083627	what does infectious mean in laughter
1083675	what does human enhancement mean
1083721	what does hair tint do
1083743	what does greek small letter psi represent
1083846	what does factory default mean
1083865	what does executive privilege mean
1084230	what does anita mean in hebrew
1084441	what does a naturopathic physicians do
1084887	what do adhd mean
1084889	what dna molecules bond with each other
1084906	what diseases are associated with low white blood cell count
1084942	what did the treaty of versailles lead to
1084982	what did stromatolites add to the atmosphere
1085008	what did maria theresa do for the serfs
1085048	what did benjamin bradley invent
1085192	what credit score do i need to use va home loan
1085339	what county is racine wv in
1085393	what county is oldsmar, fl in
1085422	what county is new london tx
1085441	what county is metuchen nj
1085456	what county is los lunas
1085517	what county is homer mi in
1085545	what county is geneva il in?
1085586	what county is delphos ohio
1085658	what county is blanchard, wa
1085674	what county is beloit, wi in
1085762	what contains capsaicin
1085764	what constitutional clause prohibits a state from drawing unreasonable distinctions between its own residents and those of persons living in other states
1086075	what causes small bumps on your hands
1086120	what causes mild elevation of bnp
1086305	what car did the pope ride in
1086565	what are yellow roses mean
1086594	what are valence electrons used by an element worksheet
1086628	what are tor
1086637	what are thumbs.db used for
1086679	what are the worst foods for arthritis
1086715	what are the tools used to make a relief print
1086834	what are the signs of kidney failure in dogs with dm?
1086942	what are the most common causes of paralysis
1087050	what are the fentanyl dosages?
1087061	what are the early signs of colon cancer?
1087076	what are the different approaches to solid waste management?
1087105	what are the crimes classified as economic corruption and financial crimes
1087215	camc credit union routing number
1087361	what are requirements for minor in spanish at uta
1087435	what are peripheral proteins?
1087532	what are isotopes quizlet
1087566	what are hcp
1087589	what are gases used in neon signs?
1087675	what are deposit solutions banking
1087690	what are cra
1087727	what are calling cards?
1087835	what amendment is the right to carry out their arms
1087911	calories in fresh vegetable juice
1087969	what a bridge for teeth
1088043	calories in canned black beans
1088210	weather in spring lake mn
1088252	weather in sao miguel
1088311	weather in pensacola florida
1088379	calories for chocolate chips
1088515	weather in grand prairie, tx
1088539	weather in flowery branch ga
1088541	weather in fletcher,nc
1088648	weather in burlington ma today
1088658	weather in brinny ireland
1088734	weather and climate in kentucky
1088742	wbtv location
1088800	washington county arkansas property tax
1088869	walmart tax bonus for employees
1088884	wadi sirhan
1088889	vulnerability analysis
1088915	vlookup function meaning
1089021	vehicula latin meaning
1089093	usb host controller functions
1089143	upper darby is what county in pennsylvania
1089177	united home life insurance phone number
1089214	ultra processed definition
1089273	types of road hugger tires
1089277	types of railings
1089286	burnished define
1089443	bula definition
1089498	total number of cases argued per year to supreme court
1089511	tooth veneers process
1089541	to what extent is exclusion ethical according to the nasw code of ethics?
1089558	tire wear patterns and causes
1089619	time difference ny and milan
1089683	thermo fisher scientific benefits
1089804	the largest wide area network (wan) in existence is the _____.
1089810	the largest company in each state
1089945	the __________ test is a quick and dirty test for deciding if something is an ethical issue and useful because brand name and a person's reputation are important in business.
1090054	temperature diode
1090077	telephone number for amazon fire stick customer service
1090171	synonyms for the word discipline
1090242	symptoms of ptsd in vietnam veterans
1090329	summit define
1090350	borderline personality disorder symptoms in adults displacement
1090377	booth mba cost
1090395	sterility meaning
1090458	bondsman definition
1090596	smirk meaning
1090613	slainte - meaning?
1090700	> what is powershell
1090727	should pricing be based on demand
1090742	sherwin williams phone number
1090791	serve define
1090808	semispinalis function
1090838	sea cucumber health benefits
1090839	adam bossov
1090841	scriptural definition of idol
1090945	ryder phone number
1091015	righteousness definition
1091158	binomial factor definition
1091163	racket define
1091164	racism power definition
1091246	property premises meaning
1091384	price for used shipping containers
1091450	population of quartzsite az
1091479	population of greater concepcion, chile
1091661	phone number for iracing
1091681	phone number for comcast customer service.
1091786	between where is istanbul
1091955	origination of pi day
1091983	operation did not complete successfully because the file contains
1092093	number of people ditching their landline
1092108	number of endangered plant species hawaii
1092165	north branford ct population
1092203	nist definitions of private and community clouds
1092257	negar meaning
1092327	benefits of nasal irrigation
1092417	most well known alkaline earth metals
1092422	most valuable employers mve
1092528	most decorated american skiers
1092665	minnesota's current population
1092757	methimazole liver side effects
1092792	members of the wrecking crew
1092832	medication that makes a person sick if they drink alcohol
1092911	meaning of yay
1092972	meaning of pyuria
1093006	meaning of maturity for loan
1093064	benefits at wahiawa general hospital
1093112	meaning of addae in african
1093172	mastercard stock prices
1093256	madison county fl population
1093359	list the four main tastes
1093410	linton in zip code
1093462	legal guardianship of a minor meaning
1093534	largest trampoline
1093698	ketamine withdrawal symptoms
1093717	kamikaze definition
1093773	jefferson college address
1093786	barbados: history definition
1093795	ithaca teachers salaries
1093881	is there a fee to send bitcoin using exodus
1093901	banglalink helpline number
1093920	is the process in which we detect physical energy in the environment and encode that energy as neural signals.
1094062	balloon meaning
1094249	is a type of information system that supports a specific functional area in the organization (such as: accounting, human resources or operations)
1094275	is a boulder a rock?
1094361	ayi price
1094364	interchange definition
1094509	in what way did christian crusades contribute to the decline of the byzantine empire
1094519	in what situation is advection fog most likely to occur
1094634	imitrex tablets cost
1094999	accounting definition of office supplies
1095059	average temperatures santa monica ca march
1095121	how old to be to work at buffalo wild wings
1095308	how old can a baby get its first hair
1095332	how often should a hood system be cleaned
1095360	average sprague dawley rat body weight
1095542	how much rain does phoenix get in a year
1095571	how much pepto per lb for a dog
1095705	how much money did dr dre make off beats
1095807	how much is sales tax in rancho cordova
1095864	how much is derrick rose worth
1095868	how much is danielle steel worth
1096527	how many weeks should you give puppies away
1096607	how many tablespoons in one fourth cup?
1096628	how many students at mount vernon middle school fortville
1096739	how many pounds of fat can you lose in a week
1096823	how many people died in the parkland school shooting
1096827	how many people died from the flu who didn't take the vaccine
1096932	how many miles has pastor arthur blessitt ever walked?
1097014	how many iron atoms are in the formula for iron(iii) oxide?
1097066	how many homes in heritage oak park port charlotte fl
1097198	how many eggs do rouen ducks lay a year
1097304	how many cups is two tablespoons
1097373	how many children are identified with autism according to the cdc
1097449	how many calories in provolone cheese
1097461	how many calories in cooked roast beef lean
1097508	how many calories are in one egg liquid
1097537	how many boarding groups does american airlines have
1097674	how long to wait for dental implant after tooth extraction
1097746	how long to evict tenant in missouri
1097885	how long nicotine stay in your saliva
1097937	how long is the chinese wall
1097979	how long is a whale
1098010	how long has steven gerrard been with liverpool for
1098048	how long for an eye twitch to go away
1098071	how long does uscis take to respond to rfe
1098354	how long does egg salad keep in refrigerator
1098355	how long does dressing last in freezer
1098422	how long does a blood glucose test last
1098497	how long do resin countertops last
1098600	how long can you leave raw chicken in your fridge
1098787	how late can males receive hpv vaccine
1098802	how is the weather in barcelona spain
1098804	at what temperature does hypothermia set in fahrenheit
1099099	how early can you show signs of morning sickness?
1099217	how does heart work
1099340	how do you call a rapid response in the hospital?
1099452	how do duty based ethical standards differ from outcome-based ethical standards?
1099482	how do active transport and passive transport differ
1099488	a scar meaning
1099495	how did van gogh paint
1099530	artist who painted the famous thanksgiving pic
1099636	how can deforestation directly affect living organisms
1099729	houston methodist main phone number
1099761	ari fleet repair phone number
1099823	homes in seminole florida
1099865	hmf means
1099903	hiouchi ca is in what county
1099998	herbold law grinnell
1100064	health benefits from cats claw
1100077	hazel haskett in real life
1100094	hassan amjad
1100105	harumph define
1100224	gorilla car washes in council bluffs iowa
1100308	geez definition
1100415	frb definition of a financial institution
1100486	foods that belong in the crisper
1100492	foods for pregnancy constipation
1100580	fin de siecle meaning
1100639	fastest anyone has run across usa
1100852	electroconvulsive therapy definition
1101110	dow jones industrial average please
1101121	doug bradley net worth
1101172	does sabic have locations in canada?
1101214	does e coli feed on
1101278	do prince harry and william have last names
1101296	do david tate shoes run true to size
1101303	do alcohols such as vodka contain water?
1101336	diseases that cause wheat to turn yellow
1101531	difference between a goal and an expected outcome
1101535	diff types of fuses
1101698	amount of mucus produced each day
1101714	definition, nepotism
1101806	wow essential oil
1101868	willie weeks net worth
1101870	willie mays worth
1101977	why must oil be used with oil immersion lens
1101995	why is tofu?
1102028	why is the branch of astronomy important
1102262	definition of sadducees
1102335	why do people buy cars
